sizes,executionTimes
5,0.0
10,0.0
50,0.0
100,0.0
500,0.0
1000,1.0754903157552083
5000,3.180265426635742
10000,7.440837224324544
50000,47.84226417541504
100000,103.15850575764973
