sizes,executionTimes
5,0.0
10,0.0
50,0.0
100,0.0
500,15.73634147644043
1000,71.19626998901367
5000,1718.839454650879
10000,8845.902442932129
50000,276628.4643650055
100000,905840.0417327881
